/*
SQLyog Community v13.1.9 (64 bit)
MySQL - 10.4.24-MariaDB : Database - db_buku
*********************************************************************
*/

/*!40101 SET NAMES utf8 */;

/*!40101 SET SQL_MODE=''*/;

/*!40014 SET @OLD_UNIQUE_CHECKS=@@UNIQUE_CHECKS, UNIQUE_CHECKS=0 */;
/*!40014 SET @OLD_FOREIGN_KEY_CHECKS=@@FOREIGN_KEY_CHECKS, FOREIGN_KEY_CHECKS=0 */;
/*!40101 SET @OLD_SQL_MODE=@@SQL_MODE, SQL_MODE='NO_AUTO_VALUE_ON_ZERO' */;
/*!40111 SET @OLD_SQL_NOTES=@@SQL_NOTES, SQL_NOTES=0 */;
CREATE DATABASE /*!32312 IF NOT EXISTS*/`db_buku` /*!40100 DEFAULT CHARACTER SET utf8mb4 */;

USE `db_buku`;

/*Table structure for table `buku` */

DROP TABLE IF EXISTS `buku`;

CREATE TABLE `buku` (
  `ID_BUKU` varchar(5) NOT NULL,
  `JUDUL_BUKU` varchar(100) NOT NULL,
  `TAHUN_TERBIT` int(4) DEFAULT NULL,
  `TGL_MASUK` date NOT NULL,
  `TEBAL_BUKU` int(4) DEFAULT NULL,
  `STATUS` int(11) DEFAULT NULL CHECK (`STATUS` >= 0 and `STATUS` <= 3),
  `ID_PENERBIT` varchar(5) DEFAULT NULL,
  `ID_KATEGORI` varchar(5) DEFAULT NULL,
  PRIMARY KEY (`ID_BUKU`)
) ENGINE=InnoDB DEFAULT CHARSET=utf8mb4;

/*Data for the table `buku` */

insert  into `buku`(`ID_BUKU`,`JUDUL_BUKU`,`TAHUN_TERBIT`,`TGL_MASUK`,`TEBAL_BUKU`,`STATUS`,`ID_PENERBIT`,`ID_KATEGORI`) values 
('AF001','ALEX FERGUSON: MY AUTOBIOGRAPHY',2013,'2014-06-08',822,0,'PB009','KT009'),
('AH001','ATOMIC HABITS',2019,'2020-12-27',926,1,'PB003','KT010'),
('AP001','A PROMISED LAND',2020,'2020-12-01',978,1,'PB003','KT009'),
('AY001','AFTER YOU',2015,'2016-11-16',656,0,'PB008','KT005'),
('BP001','BUKU PRAKTIKUM BASIS DATA',2020,'2021-01-03',132,1,'PB006','KT006'),
('BP002','BUKU PRAKTIKUM PV',2020,'2021-01-30',90,1,'PB006','KT006'),
('BP003','BUKU PRAKTIKUM PBO',2020,'2021-01-30',98,1,'PB006','KT006'),
('BU001','BUMI',2014,'2015-08-31',1180,0,'PB001','KT001'),
('CI001','CINTA BRONTOSAURUS',2008,'2009-11-19',416,0,'PB007','KT004'),
('CO001','CORALINE',2003,'2004-08-29',397,0,'PB002','KT002'),
('CS001','CHICKEN SOUP FOR THE SOUL',2009,'2017-02-15',586,3,'PB005','KT007'),
('DE001','DEMOCRACY AND EDUCATION',1916,'2001-11-07',219,0,'PB008','KT006'),
('DO001','DORAEMON 1',1970,'2011-01-04',80,0,'PB004','KT008'),
('DO002','DORAEMON 2',1971,'2011-01-17',76,3,'PB004','KT008'),
('DO003','DORAEMON 3',1973,'2011-01-18',92,0,'PB004','KT008'),
('ES001','ESSENTIAL QUESTIONS',2011,'2013-05-19',928,0,'PB008','KT006'),
('FA001','FANTASTIC BEASTS AND WHERE TO FIND THEM',2001,'2003-05-26',665,0,'PB002','KT003'),
('FA002','FANTASTIC BEASTS: THE CRIMES OF GRINDELWALD',2018,'2019-05-15',750,0,'PB002','KT003'),
('GA001','GURU AINI',2019,'2020-05-25',704,1,'PB001','KT001'),
('GE001','GEGE MENGEJAR CINTA',2009,'2013-05-19',495,0,'PB001','KT004'),
('GO001','GOOD OMENS',1990,'2005-11-15',832,3,'PB003','KT001'),
('HP001','HARRY POTTER AND THE PHILOSOPHERS STONE',1997,'2006-01-14',1103,0,'PB002','KT003'),
('HP002','HARRY POTTER AND THE CHAMBER OF SECRETS',1998,'2006-06-02',1072,0,'PB002','KT003'),
('IT001','IT',1986,'2003-01-15',155,0,'PB009','KT002'),
('JO001','JOMBLO: SEBUAH KOMEDI CINTA',2011,'2014-08-29',571,2,'PB001','KT004'),
('KA001','KAMBING JANTAN',2005,'2007-11-12',391,0,'PB007','KT004'),
('KO001','KOCHII MUITE! MIIKO 1',2005,'2010-03-17',86,0,'PB005','KT008'),
('KO002','KOCHII MUITE! MIIKO 2',2005,'2010-03-17',78,0,'PB005','KT008'),
('LI001','LET IT SNOW',2008,'2010-05-01',447,0,'PB008','KT005'),
('LP001','LASKAR PELANGI',2005,'2011-01-16',665,0,'PB001','KT001'),
('MA001','MALORY TOWERS',1946,'2002-02-21',158,2,'PB004','KT003'),
('MB001','ME BEFORE YOU',2012,'2012-04-11',1190,2,'PB008','KT005'),
('MM001','MARMUT MERAH JAMBU',2010,'2011-12-31',320,3,'PB007','KT004'),
('MM002','MIRACLE MORNING',2012,'2014-01-11',1162,0,'PB003','KT010'),
('MP001','MISS PEREGRINES HOME FOR PECULIAR CHILDREN',2011,'2012-03-16',708,0,'PB002','KT001'),
('MS001','MANUSIA SETENGAH SALMON',2011,'2012-06-23',218,0,'PB007','KT004'),
('PA001','PRIDE AND PREJUDICE',1813,'2004-08-16',224,2,'PB008','KT005'),
('SE001','5 SEKAWAN',1945,'2006-10-27',394,2,'PB004','KT003'),
('SP001','SANG PEMIMPI',2006,'2014-06-30',965,0,'PB001','KT001'),
('TC001','THE CINDERELLA MURDER',2014,'2017-08-02',642,0,'PB003','KT002'),
('TC002','THE CASTLE OF ADVENTURE',1946,'2002-02-21',308,0,'PB004','KT003'),
('TF001','THE FAULT IN OUR STARS',2012,'2013-10-05',516,0,'PB008','KT005'),
('TI001','THE ISLAND OF ADVENTURE',1944,'2001-10-24',877,0,'PB004','KT003'),
('TL001','THE LION, THE WITCH AND THE WARDROBE',1950,'2000-01-15',820,0,'PB012','KT003'),
('TL002','THE LAST BATTLE',1956,'2000-01-15',868,3,'PB012','KT003'),
('TT001','THE TALISMAN',1984,'2003-01-15',538,3,'PB009','KT002'),
('TV001','THE VOYAGE OF THE DAWN TREADER',1952,'2000-01-15',828,0,'PB012','KT003'),
('UN001','UNDERSTANDING BY DESIGN',1998,'2001-11-07',1176,0,'PB008','KT006'),
('UT001','UNDER THE DOME',2009,'2010-03-23',1106,0,'PB009','KT002'),
('ZW001','ZERO WASTE HOME',2013,'2014-10-24',374,2,'PB003','KT010');

/*Table structure for table `d_pinjam` */

DROP TABLE IF EXISTS `d_pinjam`;

CREATE TABLE `d_pinjam` (
  `NO_PINJAM` varchar(5) DEFAULT NULL,
  `ID_BUKU` varchar(5) DEFAULT NULL
) ENGINE=InnoDB DEFAULT CHARSET=utf8mb4;

/*Data for the table `d_pinjam` */

insert  into `d_pinjam`(`NO_PINJAM`,`ID_BUKU`) values 
('PI001','TN001'),
('PI001','PA001'),
('PI002','UN001'),
('PI003','KA001'),
('PI004','DE001'),
('PI005','CS001'),
('PI006','IT001'),
('PI007','DO001'),
('PI008','MB001'),
('PI008','HP001'),
('PI009','UT001'),
('PI010','SP001'),
('PI011','TL002'),
('PI012','ES001'),
('PI013','DO001'),
('PI014','GO001'),
('PI015','CO001'),
('PI015','LI001'),
('PI017','AH001'),
('PI018','TC001'),
('PI019','TL001'),
('PI020','LI001'),
('PI021','AH001'),
('PI022','CS001'),
('PI023','DO002'),
('PI024','UN001'),
('PI024','BP002'),
('PI025','LP001'),
('PI026','BP003'),
('PI027','HP002'),
('PI028','CS001'),
('PI029','AY001'),
('PI030','TI001'),
('PI031','TI001'),
('PI032','DO002'),
('PI033','PA001'),
('PI034','MM001'),
('PI035','KA001'),
('PI036','GO001'),
('PI037','UN001'),
('PI038','BP003'),
('PI038','JO001'),
('PI039','ES001'),
('PI041','UN001'),
('PI042','SP001'),
('PI043','HP001'),
('PI044','KO001'),
('PI045','TV001'),
('PI046','GE001'),
('PI046','MB001'),
('PI047','TC002'),
('PI048','AY001'),
('PI049','AF001'),
('PI050','MM002'),
('PI051','ZW001'),
('PI052','GO001'),
('PI053','DE001'),
('PI054','KA001'),
('PI055','KO002'),
('PI056','KO001'),
('PI057','GE001'),
('PI058','AY001'),
('PI059','MM001'),
('PI059','DO001'),
('PI060','TI001');

/*Table structure for table `daftar_buku` */

DROP TABLE IF EXISTS `daftar_buku`;

CREATE TABLE `daftar_buku` (
  `ID_BUKU` varchar(5) DEFAULT NULL,
  `ID_PENGARANG` varchar(5) DEFAULT NULL
) ENGINE=InnoDB DEFAULT CHARSET=utf8mb4;

/*Data for the table `daftar_buku` */

insert  into `daftar_buku`(`ID_BUKU`,`ID_PENGARANG`) values 
('LP001','AU001'),
('SP001','AU001'),
('HP001','AU002'),
('HP002','AU002'),
('AP001','AU003'),
('AH001','AU004'),
('GA001','AU001'),
('SE001','AU005'),
('SE001','AU006'),
('BU001','AU007'),
('DO001','AU008'),
('DO002','AU008'),
('DO003','AU008'),
('KO001','AU009'),
('KO002','AU009'),
('CS001','AU010'),
('CS001','AU011'),
('BP001','AU012'),
('BP002','AU012'),
('BP003','AU012'),
('MP001','AU013'),
('MM001','AU014'),
('MS001','AU014'),
('PA001','AU015'),
('TF001','AU016'),
('LI001','AU016'),
('MB001','AU017'),
('AY001','AU017'),
('ZW001','AU018'),
('MM002','AU019'),
('GO001','AU020'),
('GO001','AU021'),
('CO001','AU020'),
('TC001','AU022'),
('TC001','AU023'),
('TT001','AU024'),
('TT001','AU025'),
('IT001','AU024'),
('UT001','AU024'),
('AF001','AU025'),
('TL001','AU029'),
('TL002','AU029'),
('TV001','AU029'),
('GE001','AU030'),
('JO001','AU030'),
('KA001','AU014'),
('CI001','AU014'),
('TI001','AU005'),
('MA001','AU005'),
('TC002','AU005'),
('FA001','AU002'),
('FA002','AU002'),
('DE001','AU031'),
('UN001','AU032'),
('ES001','AU032');

/*Table structure for table `h_pinjam` */

DROP TABLE IF EXISTS `h_pinjam`;

CREATE TABLE `h_pinjam` (
  `NO_PINJAM` varchar(5) NOT NULL,
  `ID_MEMBER` varchar(5) DEFAULT NULL,
  `TGL_PINJAM` date NOT NULL,
  `TGL_KEMBALI` date DEFAULT NULL,
  `DENDA` int(6) DEFAULT NULL,
  PRIMARY KEY (`NO_PINJAM`)
) ENGINE=InnoDB DEFAULT CHARSET=utf8mb4;

/*Data for the table `h_pinjam` */

insert  into `h_pinjam`(`NO_PINJAM`,`ID_MEMBER`,`TGL_PINJAM`,`TGL_KEMBALI`,`DENDA`) values 
('PI001','KP046','2020-10-12','2020-10-26',7000),
('PI002','KP044','2004-07-18','2004-07-25',0),
('PI003','KP018','2018-05-26','2018-06-10',8000),
('PI004','KP006','2001-10-22','2001-11-02',4000),
('PI005','KP019','2011-07-29','2011-08-04',0),
('PI006','KP023','2017-11-03','2017-11-16',6000),
('PI007','KP023','2021-02-14','0000-00-00',0),
('PI008','KP008','2015-06-06','2015-06-22',9000),
('PI009','KP007','2007-12-19','2007-12-22',0),
('PI010','KP012','2017-10-18','2017-10-25',0),
('PI011','KP048','2005-06-13','2005-06-20',0),
('PI012','KP027','2009-08-14','2009-08-30',9000),
('PI013','KP020','2016-03-23','2016-04-08',9000),
('PI014','KP009','2014-05-18','2014-05-22',0),
('PI015','KP039','2015-10-30','2015-11-09',3000),
('PI016','KP035','2017-03-08','2017-03-25',10000),
('PI017','KP021','2008-04-26','2008-05-02',0),
('PI018','KP026','2010-09-29','2010-10-11',5000),
('PI019','KP033','2017-03-08','2017-03-23',8000),
('PI020','KP002','2005-12-09','2005-12-29',13000),
('PI021','KP038','2002-09-09','2002-09-29',13000),
('PI022','KP002','2010-03-31','2010-04-20',13000),
('PI023','KP016','2019-05-08','2019-05-18',3000),
('PI024','KP020','2019-12-24','2020-01-06',6000),
('PI025','KP008','2011-07-24','2011-08-07',7000),
('PI026','KP034','2021-01-21','0000-00-00',0),
('PI027','KP001','2004-03-13','2004-03-18',0),
('PI028','KP010','2015-02-22','2015-03-10',9000),
('PI029','KP014','2021-01-07','0000-00-00',0),
('PI030','KP019','2021-01-30','0000-00-00',0),
('PI031','KP039','2011-08-14','2011-08-17',0),
('PI032','KP027','2019-04-14','2019-04-21',0),
('PI033','KP003','2015-01-11','2015-01-24',6000),
('PI034','KP050','2019-10-21','2019-10-29',1000),
('PI035','KP036','2018-12-25','2018-12-28',0),
('PI036','KP002','2011-04-26','2011-05-03',0),
('PI037','KP003','2018-10-02','2018-10-19',10000),
('PI038','KP041','2014-09-17','2014-09-29',5000),
('PI039','KP050','2011-07-15','2011-07-28',6000),
('PI040','KP005','2019-03-22','2019-04-08',10000),
('PI041','KP018','2014-05-08','2014-05-21',6000),
('PI042','KP047','2010-07-16','2010-07-27',4000),
('PI043','KP025','2018-10-19','2018-10-22',0),
('PI044','KP024','2020-10-25','0000-00-00',0),
('PI045','KP014','2015-01-24','2015-02-12',12000),
('PI046','KP002','2000-12-08','2000-12-13',0),
('PI047','KP049','2007-02-07','2007-02-14',0),
('PI048','KP026','2011-07-14','2011-07-29',8000),
('PI049','KP021','2018-01-08','2018-01-14',0),
('PI050','KP027','2017-05-06','2017-05-15',2000),
('PI051','KP019','2020-12-07','2020-12-11',0),
('PI052','KP020','2016-03-20','2016-03-28',1000),
('PI053','KP045','2004-03-02','2004-03-05',0),
('PI054','KP031','2018-07-14','2018-07-25',4000),
('PI055','KP027','2017-02-12','2017-02-17',0),
('PI056','KP024','2019-08-17','2019-08-20',0),
('PI057','KP034','2019-04-08','2019-04-24',9000),
('PI058','KP045','2013-12-23','2013-12-31',1000),
('PI059','KP038','2007-06-02','2007-06-08',0),
('PI060','KP031','2019-07-24','2019-08-01',1000);

/*Table structure for table `kategori` */

DROP TABLE IF EXISTS `kategori`;

CREATE TABLE `kategori` (
  `ID_KATEGORI` varchar(5) NOT NULL,
  `NAMA_KATEGORI` varchar(50) NOT NULL,
  `STATUS` int(1) DEFAULT NULL CHECK (`STATUS` = 0 or `STATUS` = 1),
  PRIMARY KEY (`ID_KATEGORI`)
) ENGINE=InnoDB DEFAULT CHARSET=utf8mb4;

/*Data for the table `kategori` */

insert  into `kategori`(`ID_KATEGORI`,`NAMA_KATEGORI`,`STATUS`) values 
('KT001','FICTION',1),
('KT002','MYSTERY',1),
('KT003','ADVENTURE',1),
('KT004','HUMOR',0),
('KT005','ROMANCE',1),
('KT006','EDUCATION',1),
('KT007','SHORT STORIES',0),
('KT008','COMIC',1),
('KT009','AUTOBIOGRAPHY',1),
('KT010','LIFESTYLE',0);

/*Table structure for table `member` */

DROP TABLE IF EXISTS `member`;

CREATE TABLE `member` (
  `ID_MEMBER` varchar(5) NOT NULL,
  `NAMA_MEMBER` varchar(50) NOT NULL,
  `JENIS_KELAMIN` int(11) DEFAULT NULL CHECK (`JENIS_KELAMIN` = 0 or `JENIS_KELAMIN` = 1),
  `TANGGAL_LAHIR` date DEFAULT NULL,
  `TELP_MEMBER` varchar(12) DEFAULT NULL,
  `EMAIL_MEMBER` varchar(100) NOT NULL,
  `JENIS` int(11) DEFAULT NULL CHECK (`JENIS` >= 0 and `JENIS` < 3),
  PRIMARY KEY (`ID_MEMBER`)
) ENGINE=InnoDB DEFAULT CHARSET=utf8mb4;

/*Data for the table `member` */

insert  into `member`(`ID_MEMBER`,`NAMA_MEMBER`,`JENIS_KELAMIN`,`TANGGAL_LAHIR`,`TELP_MEMBER`,`EMAIL_MEMBER`,`JENIS`) values 
('KP001','LUNA LOVEGOOD',1,'1988-07-18','2232822','LUNA_PEACELOVE@GMAIL.COM',0),
('KP002','RUNA AALTONEN',1,'1994-06-10','7276620','AALTONEN_R12@GMAIL.COM',0),
('KP003','MINERVA MOON',1,'1980-06-07','6650756','MINERVAMEOWS@GMAIL.COM',0),
('KP004','NINA BANKS',1,'1993-11-08','6690391','BANKS_NINA@GMAIL.COM',1),
('KP005','PATRICIA JORDAN',1,'1972-04-08','6014722','P_JORDAN8@GMAIL.COM',1),
('KP006','BEATRICE',1,'1976-03-19','7397325','BEATRICE1903@GMAIL.COM',1),
('KP007','TAN AMELIA',1,'1998-06-08','4748482','AMELIATAN86@GMAIL.COM',2),
('KP008','DANNY TONG',0,'1984-12-31','2453487','DANTONG00@GMAIL.COM',1),
('KP009','DONAVAN THEO',0,'1988-12-27','7750858','DONAVANTHEO@GMAIL.COM',0),
('KP010','AXEL EFFRAIM',0,'1999-06-29','6562010','AXEL_EFFRAIM99@GMAIL.COM',1),
('KP011','DOMINIQUE KEZIA',1,'2000-01-16','4605590','KEZIA1601@GMAIL.COM',2),
('KP012','MEGAN BLAKE',1,'2001-02-28','1757800','MEGAN_BLAKE@GMAIL.COM',2),
('KP013','YONGKI TANU',0,'2000-04-02','4552309','YONGKITANUUU@GMAIL.COM',0),
('KP014','FABIAN',0,'2000-03-27','8115480','FABIAN273@GMAIL.COM',1),
('KP015','JOE SENTOSA JAYA',0,'2000-11-15','6051643','JOESENTOSA01@GMAIL.COM',2),
('KP016','WILLIAM HARTANTO HENDRAWAN',0,'1999-02-25','3444641','WILLIAMWEWE@GMAIL.COM',2),
('KP017','DAVID KRISTIAN',0,'2001-02-08','2774130','DAVID_KTO2@GMAIL.COM',1),
('KP018','KRIS SASTRABUDI',0,'1999-01-19','4748468','SASTRABUDI19@GMAIL.COM',2),
('KP019','KENNY VINCENT',0,'1998-02-16','7815329','KENNY_VINCENT@GMAIL.COM',0),
('KP020','JENNY CHANDRA',1,'2000-02-04','7795202','JENNYCHAN00@GMAIL.COM',1),
('KP021','STEPHANIE LOUISA',1,'2000-08-27','4757116','STEPHANIE_LOU@GMAIL.COM',0),
('KP022','ROMMY CHRISTENSEN',0,'2000-08-02','8262916','CHRISTENSEN_R8@GMAIL.COM',2),
('KP023','WILSON ANTONIO',0,'1997-12-03','1758353','WILSONANTONIO@GMAIL.COM',2),
('KP024','DELVIN LIMANTO',0,'1998-06-19','5081577','LIMATO_DEL@GMAIL.COM',0),
('KP025','TONNY SALIM SUSWANTO',0,'1999-08-29','8127188','TONNYSUS29@GMAIL.COM',2),
('KP026','TERRENCE BLAKE',0,'1997-06-13','4747915','TERRENCE_BLAKE@GMAIL.COM',1),
('KP027','TIMOTHY LIM',0,'1994-07-29','6694887','TIM_LIMLIM@GMAIL.COM',0),
('KP028','MATEO CRUZ',0,'1999-02-26','3083470','MATEOCRUZZ@GMAIL.COM',2),
('KP029','LYRA MALFOY',1,'2004-02-29','4278281','LYRAMALFOY29@GMAIL.COM',1),
('KP030','MYA BROWN',1,'2001-12-31','1645551','MYABROWN_M8@GMAIL.COM',2),
('KP031','ALEXANDER WILLIAMS',0,'1974-03-05','7824750','ALEXANDERWILL@GMAIL.COM',1),
('KP032','OLIVIA ROONEY',1,'1991-09-19','4518206','LIV_ROONEY@GMAIL.COM',1),
('KP033','MADDISON ROONEY',1,'1990-08-06','8501807','MADDIE_ROONEY@GMAIL.COM',2),
('KP034','JAY PARKER',0,'1988-10-23','4634517','JAYPARKER@GMAIL.COM',1),
('KP035','KRISTIN LYNWOOD',1,'2004-07-17','5261854','KRISTINLYNWOOD@GMAIL.COM',1),
('KP036','BREANNA SCHUBERT',1,'1988-04-02','2591570','BREEE_SCHUB@GMAIL.COM',1),
('KP037','KENDALL SMITH',0,'1993-07-15','2746614','KENDALLSMITH@GMAIL.COM',1),
('KP038','DERICK MERRILL',0,'1970-05-28','7685952','DERICK_MERRILL@GMAIL.COM',1),
('KP039','RYAN BRANSON',0,'1985-11-28','3091237','RYAN_B2811@GMAIL.COM',2),
('KP040','ROME JEWELL',0,'2000-03-18','1460655','ROMEJEWELL2000@GMAIL.COM',1),
('KP041','KIARA CHEN',1,'1998-09-04','4796906','KIARA_CHEN9@GMAIL.COM',0),
('KP042','NICHOLAS CHAN',0,'1995-10-11','8840928','CHAN_NICK11@GMAIL.COM',0),
('KP043','RYO WARNER',0,'2001-10-27','6284930','RYOWARNER@GMAIL.COM',0),
('KP044','HIRO YAMADA',0,'1978-10-25','4154378','HIROYAMADA78@GMAIL.COM',0),
('KP045','BEVERLY JAMES',1,'1978-01-06','9014590','BEVERLY_J78@GMAIL.COM',0),
('KP046','BECKY SMITH',1,'2006-04-10','6885667','BECKYSMITH1004@GMAIL.COM',1),
('KP047','ANGELINE',1,'1985-09-11','2404190','ANGLINE1985@GMAIL.COM',1),
('KP048','OWEN WOOD',0,'1995-06-27','7979683','OWEN_WOOD27@GMAIL.COM',0),
('KP049','KIARA BRAVO',1,'1994-01-29','2211214','K1ARA_BRAVO@GMAIL.COM',1),
('KP050','LOGAN HENRIE',0,'1985-07-12','1314393','LH_LOGAN85@GMAIL.COM',0);

/*Table structure for table `penerbit` */

DROP TABLE IF EXISTS `penerbit`;

CREATE TABLE `penerbit` (
  `ID_PENERBIT` varchar(5) NOT NULL,
  `NAMA_PENERBIT` varchar(50) NOT NULL,
  `TELP_PENERBIT` varchar(12) DEFAULT NULL,
  `EMAIL_PENERBIT` varchar(100) DEFAULT NULL,
  `NEGARA_PENERBIT` varchar(50) DEFAULT NULL,
  PRIMARY KEY (`ID_PENERBIT`)
) ENGINE=InnoDB DEFAULT CHARSET=utf8mb4;

/*Data for the table `penerbit` */

insert  into `penerbit`(`ID_PENERBIT`,`NAMA_PENERBIT`,`TELP_PENERBIT`,`EMAIL_PENERBIT`,`NEGARA_PENERBIT`) values 
('PB001','GRAMEDIA','4737745','GRAMEDIA_INDONESIA@GRAMEDIA.COM','INDONESIA'),
('PB002','BLOOMSBURY PUBLISHING','2742160','BLOOMSBURRY@BPUBLISHING.CO.UK','UNITED KINGDOM'),
('PB003','CROWN PUBLISHING GROUP','8222307','CROWN_PUBLISHING@CPUBLISHING.COM','UNITED STATES'),
('PB004','SHOGAKUKAN','2408499','','JEPANG'),
('PB005','CONNECTICUT PUBLISHING','3326175','CONNPUBLISH@PUBLISHING.COM','UNITED STATES'),
('PB006','LABKOMP ISTTS','9744548','LKOMP@STTS.EDU','INDONESIA'),
('PB007','BUKUNE','6838238','BUKUNESOPO@BUKUBUKU.COM','INDONESIA'),
('PB008','WHITEHALL','3586327','','UNITED STATES'),
('PB009','VIKING PRESS','2305750','VIKINGPRESS@VPBOOKS.COM','UNITED STATES'),
('PB010','HODDER','9035394','HODDER@PUBLISHING.COM','UNITED STATES'),
('PB011','VANHOUVER BOOKS','','VANBOOKS@BOOKS.COM','GERMAN'),
('PB012','GEOFFREY BLES','','','UNITED KINGDOM');

/*Table structure for table `pengarang` */

DROP TABLE IF EXISTS `pengarang`;

CREATE TABLE `pengarang` (
  `ID_PENGARANG` varchar(5) NOT NULL,
  `NAMA_PENGARANG` varchar(50) NOT NULL,
  `TELP_PENGARANG` varchar(12) DEFAULT NULL,
  `EMAIL_PENGARANG` varchar(100) DEFAULT NULL,
  `NEGARA_PENGARANG` varchar(50) DEFAULT NULL,
  PRIMARY KEY (`ID_PENGARANG`)
) ENGINE=InnoDB DEFAULT CHARSET=utf8mb4;

/*Data for the table `pengarang` */

insert  into `pengarang`(`ID_PENGARANG`,`NAMA_PENGARANG`,`TELP_PENGARANG`,`EMAIL_PENGARANG`,`NEGARA_PENGARANG`) values 
('AU001','ANDREA HIRATA','4059599','HIRATA_AND@GMAIL.COM','INDONESIA'),
('AU002','J. K. ROWLING','5694306','JKROWLING@GMAIL.COM','UNITED KINGDOM'),
('AU003','BARACK OBAMA','7237276','','UNITED STATES'),
('AU004','JAMES CLEAR','2815719','JAMES_CLEAR@GMAIL.COM','UNITED STATES'),
('AU005','ENID BLYTON','1631702','','UNITED KINGDOM'),
('AU006','EILEEN SOPER','5730788','','UNITED KINGDOM'),
('AU007','TERE LIYE','7094939','TERELIYE@GMAIL.COM','INDONESIA'),
('AU008','FUJIKO FUJIYA','5177348','FUJIKO@GMAIL.COM','JEPANG'),
('AU009','ERIKO ONO','2551335','ONOERICKO@CIAO.COM','JEPANG'),
('AU010','JACK CANFIELD','5629169','','UNITED STATES'),
('AU011','MARK VICTOR','8168038','','UNITED STATES'),
('AU012','TIM ASISTEN','2723029','ASISTENTETAP@STTS.EDU','INDONESIA'),
('AU013','RANSOM RIGGS','6775020','RIGGS_BOOKS@HOTMAIL.COM','UNITED STATES'),
('AU014','RADITYA DIKA','8723104','RADITYA123@GMAIL.COM','INDONESIA'),
('AU015','JANE AUSTEN','','','UNITED STATES'),
('AU016','JOHN GREEN','7391029','JOHNGREEN@GMAIL.COM','UNITED STATES'),
('AU017','JOJO MOYES','9362938','JOJO_MAYES@GMAIL.CO.US','UNITED STATES'),
('AU018','BEA JOHNSON','','JOHNSON_BEA@MAILS.COM','UNITED STATES'),
('AU019','HAL ELROD','4692039','HALELROD@LMAIL.COM','UNITED STATES'),
('AU020','NEIL GAIMAN','3928302','','UNITED KINGDOM'),
('AU021','TERRY PRATCHETT','2908199','','UNITED KINGDOM'),
('AU022','MARY HIGGINS CLARK','4839023','MARY_H_CLARK@HAPPYMAIL.COM','UNITED STATES'),
('AU023','ALAFAIR BURKE','9834729','BURKE_ALAFAIR10@HAPPYMAIL.COM','UNITED STATES'),
('AU024','STEPHEN KING','2193817','STEPHEN_KING@KINGSBOOKS.COM','UNITED STATES'),
('AU025','PETER STRAUB','3732983','','UNITED STATES'),
('AU026','ALEX FERGUSON','5559283','FERGUSONFOOTBAL@GMAIL.COM','UNITED STATES'),
('AU027','B.J.HABIBIE','','','INDONESIA'),
('AU028','MICHAEL ENDE','','','GERMAN'),
('AU029','C.S.LEWIS','5803479','','UNITED KINGDOM'),
('AU030','ADHITYA MULYA','9281182','ADHITYA_MULYA@GMAIL.COM','INDONESIA'),
('AU031','JOHN DEWEY','','','UNITED STATES'),
('AU032','GRANT WIGGINS','','','UNITED STATES');

/*!40101 SET SQL_MODE=@OLD_SQL_MODE */;
/*!40014 SET FOREIGN_KEY_CHECKS=@OLD_FOREIGN_KEY_CHECKS */;
/*!40014 SET UNIQUE_CHECKS=@OLD_UNIQUE_CHECKS */;
/*!40111 SET SQL_NOTES=@OLD_SQL_NOTES */;
